No.,Best waste rate,Avg waste rate,Best trim loss,Avg trim loss,Best fitness,Avg fitness,Best time,Avg time
1,0.17136266067947992,0.3372594865948125,0.15233496021661536,0.24750909699302479,0.8537065706191485,0.7601584934022266,0.9387149810791016,19.113355422019957
2,0.14768814057629748,0.2924407884882772,0.13440974569179026,0.21746362880861123,0.871316836556194,0.7813940619245631,1.079010009765625,46.12553420066833
3,0.11746467386027484,0.8661000279744604,0.11055594296123139,0.3225486311906413,0.8948828749507635,0.6819734149725148,0.0039823055267333984,77.97252163887023
4,0.11876675975713115,0.3384750518645682,0.10568198841811648,0.24109133295913293,0.8938413581550154,0.7587378102449885,0.1317579746246338,18.979054164886474
5,0.18081401134441238,0.26728883808979775,0.15025848492651198,0.21988409033405865,0.846873419855048,0.7911708373203976,0.25647997856140137,17.985357928276063
