No.,Best waste rate,Avg waste rate,Best trim loss,Avg trim loss,Best fitness,Avg fitness,Best time,Avg time
1,0.05608154448920387,0.14659920560927803,0.07400557798405555,0.13707714399683074,0.946896577464263,0.8782444406829439,1.6775014400482178,9.436881947517396
2,0.04782750380186835,0.09477363880271897,0.04967447910450961,0.1022236473902682,0.9543555560162964,0.915351561502969,1.3211357593536377,13.880008554458618
3,0.03477270226359158,0.24655348914327596,0.041405721700075636,0.15207142553942887,0.9663958063567725,0.858131475590598,0.155564546585083,12.472966027259826
4,0.04085882637823876,0.11384571546160023,0.044652447806679714,0.1432582322671319,0.9607450834419009,0.9001917044418057,0.3321073055267334,7.459866786003113
5,0.053759654615461165,0.10921545768988543,0.06774445801141792,0.11572391264993535,0.9489830015981403,0.9030414720189996,0.5570001602172852,8.298761415481568
