No.,Best waste rate,Avg waste rate,Best trim loss,Avg trim loss,Best fitness,Avg fitness,Best time,Avg time
1,0.08043226172559276,0.21321598692526722,0.07457908796700659,0.16217787206429776,0.9255554794364139,0.8365193365312604,2.9585063457489014,37.53550696372986
2,0.0564971035252063,0.19554682301745055,0.05308527624115299,0.1472928260016712,0.9465241283324934,0.8517090247173668,1.4829516410827637,47.74987814426422
3,0.03962094388597246,0.7459273977733366,0.0411911599646652,0.23890319745089972,0.9618890480044829,0.7619929921541602,0.1853792667388916,54.346352672576906
4,0.08285051338696456,0.15900472633846074,0.07915889014865332,0.13349508510132924,0.9234885033873947,0.8681493008285012,0.6262195110321045,39.59810366630554
5,0.07300381974478899,0.16472330831019735,0.0643650321177185,0.14793569946672205,0.9319631315365189,0.8628878131324236,0.6246719360351562,39.491556596755984
